SET search_path TO "df_project_group_110";

INSERT INTO Student (Name, Date_of_Birth, Phone_Number, Gender) values
  ('Mill Allsep', '2023-02-25', '665 478 2756', 'Male') ,
  ('Freddie Beurich', '2023-05-09', '676 806 2999', 'Female') ,
  ('Gertrudis Sabbatier', '2023-08-05', '541 658 7950', 'Female') ,
  ('Etan Sivyour', '2022-12-17', '912 185 3914', 'Male') ,
  ('Helsa Cominello', '2023-06-05', '243 954 8602', 'Female') ,
  ('Royall Bern', '2023-11-27', '253 209 8378', 'Male') ,
  ('Edwina Caldwell', '2023-09-25', '420 449 4828', 'Female') ,
  ('Maurise Bultitude', '2023-11-06', '603 952 8598', 'Female') ,
  ('Salome Pembry', '2023-04-01', '997 451 3279', 'Female') ,
  ('Ram Aplin', '2023-09-03', '930 159 1633', 'Male') ,
  ('Braden Antecki', '2023-07-17', '980 130 7080', 'Male') ,
  ('Lowrance Cato', '2023-12-08', '197 727 1759', 'Male') ,
  ('Sutherlan Pleavin', '2022-12-20', '862 632 9062', 'Male') ,
  ('Frederique Burkman', '2023-01-04', '986 423 1123', 'Female') ,
  ('Teodoro Doog', '2023-11-04', '954 155 0593', 'Male') ,
  ('Thaxter Crangle', '2023-03-23', '263 792 7933', 'Male') ,
  ('Hank Tribe', '2023-01-21', '797 129 3912', 'Male') ,
  ('Charlotta Kirkwood', '2023-01-05', '115 562 6491', 'Female') ,
  ('Jillian Eamer', '2023-10-18', '243 591 3798', 'Female') ,
  ('Buckie Melson', '2023-10-18', '656 545 3365', 'Male') ,
  ('Charlotte Utton', '2023-10-20', '254 769 3933', 'Female') ,
  ('Manon Fausset', '2023-10-21', '560 553 9789', 'Genderfluid') ,
  ('Gabriello Fogel', '2022-12-26', '333 902 8423', 'Male') ,
  ('Kalie Sleit', '2023-06-23', '435 221 9114', 'Female') ,
  ('Dagmar Skilton', '2023-03-20', '451 929 9292', 'Female') ,
  ('Amandi Fishburn', '2023-11-07', '550 204 2379', 'Female') ,
  ('Ferdy Kerrigan', '2023-06-21', '745 613 8975', 'Male') ,
  ('Kristyn Leman', '2023-03-25', '205 517 4705', 'Female') ,
  ('Esme Millin', '2023-06-30', '581 412 7398', 'Female') ,
  ('Sarena Abbate', '2023-01-15', '591 955 2337', 'Genderqueer') ,
  ('Fons Randall', '2023-08-09', '298 774 3351', 'Male') ,
  ('Joelly McGeaney', '2023-06-03', '784 321 3137', 'Female') ,
  ('Binnie Rookledge', '2023-09-15', '183 965 1690', 'Female') ,
  ('Michell Goodsal', '2023-04-19', '483 171 4583', 'Female') ,
  ('Aeriel Treby', '2023-08-03', '817 461 3890', 'Genderfluid') ,
  ('Beck Bonafant', '2023-04-02', '251 551 7484', 'Male') ,
  ('Becca Harbidge', '2023-06-12', '719 690 7670', 'Genderqueer') ,
  ('Rufe Carrigan', '2023-03-03', '428 534 8819', 'Male') ,
  ('Torie Mantz', '2023-06-10', '264 520 7383', 'Genderfluid') ,
  ('Sibyl Dillingstone', '2023-04-22', '411 851 9950', 'Male') ,
  ('Garik Aleshintsev', '2023-02-09', '949 410 8143', 'Male') ,
  ('Malinde Geraldini', '2023-03-15', '210 597 0138', 'Female') ,
  ('Denis Cathie', '2023-08-20', '650 628 1061', 'Male') ,
  ('Lemmie Sellwood', '2023-01-28', '208 177 2221', 'Male') ,
  ('Vitia Kerfut', '2023-11-05', '616 239 5965', 'Female') ,
  ('Spenser Panks', '2023-06-07', '617 692 3547', 'Male') ,
  ('Dorian Matijasevic', '2023-07-02', '702 327 7140', 'Male') ,
  ('Warde Rentalll', '2023-12-09', '986 648 8846', 'Male') ,
  ('Manolo Lenton', '2023-02-09', '908 995 0791', 'Male') ,
  ('Reggy Rossetti', '2023-12-01', '324 743 8675', 'Male') ,
  ('Janey Ranaghan', '2023-01-16', '212 339 2482', 'Female') ,
  ('Charo Tigner', '2023-03-27', '293 483 6026', 'Female') ,
  ('Perla Lundie', '2023-05-17', '492 454 6708', 'Female') ,
  ('Othilie Brandel', '2023-05-02', '251 419 0780', 'Female') ,
  ('Muffin Churchyard', '2023-03-20', '367 203 0276', 'Male') ,
  ('Tobey Btham', '2023-07-04', '135 946 3279', 'Female') ,
  ('Cassius Corben', '2023-11-10', '432 576 1285', 'Male') ,
  ('Loutitia Gerge', '2023-08-04', '537 987 2772', 'Female') ,
  ('Bailie Dee', '2023-05-24', '839 570 5933', 'Male') ,
  ('Friederike Fairlie', '2023-08-13', '995 546 8686', 'Female') ,
  ('Kitty Conwell', '2023-03-22', '274 446 7428', 'Female') ,
  ('Robinia Cleave', '2023-01-22', '391 527 1411', 'Female') ,
  ('Briant Prowse', '2023-01-05', '551 991 4617', 'Male') ,
  ('Florella Callan', '2023-10-02', '679 916 0861', 'Female') ,
  ('Kathrine Lambrick', '2023-04-01', '299 922 0909', 'Female') ,
  ('Karol Mendoza', '2023-04-15', '193 840 9144', 'Female') ,
  ('Cecilio Liell', '2023-08-09', '906 630 9442', 'Male') ,
  ('Rickard Quesne', '2023-06-12', '991 761 4883', 'Male') ,
  ('Clyve Pawelke', '2023-09-26', '661 766 3737', 'Bigender') ,
  ('Kathleen Ham', '2023-10-30', '964 895 1865', 'Female') ,
  ('Randal Ledeker', '2023-11-29', '866 446 4595', 'Male') ,
  ('Adoree Vickerman', '2023-05-17', '925 306 2793', 'Female') ,
  ('Nertie Bikker', '2023-06-12', '141 447 8554', 'Female') ,
  ('Pepillo Vicioso', '2023-12-14', '578 419 0507', 'Male') ,
  ('Earlie Storrock', '2023-02-07', '260 333 9559', 'Male') ,
  ('Hanna Rutland', '2023-02-17', '296 813 1657', 'Female') ,
  ('Kasey Ionnisian', '2023-06-17', '901 154 2404', 'Female') ,
  ('Dani Dormon', '2023-07-29', '756 793 3301', 'Female') ,
  ('Merrie Kippax', '2023-06-22', '438 602 4599', 'Female') ,
  ('Florenza Yeend', '2023-03-24', '510 398 3832', 'Female') ,
  ('Chris Basilio', '2023-05-29', '645 749 9860', 'Male') ,
  ('Greta Ramalhete', '2023-08-29', '682 221 7515', 'Female') ,
  ('Debor Dreigher', '2023-07-30', '204 603 8030', 'Female') ,
  ('Callida Chipping', '2023-03-01', '127 766 7409', 'Female') ,
  ('Moss Oldridge', '2023-07-31', '859 129 3390', 'Male') ,
  ('Sunshine Kirrens', '2023-02-09', '751 162 5923', 'Female') ,
  ('Stoddard Petrasek', '2023-07-14', '731 496 1534', 'Female') ,
  ('Kendall Morrad', '2023-09-05', '500 827 0975', 'Male') ,
  ('Issy Fontel', '2023-03-30', '888 680 6254', 'Female') ,
  ('Dicky Plews', '2023-03-17', '175 557 7389', 'Male') ,
  ('Lynnelle Opy', '2023-09-29', '776 791 4442', 'Genderqueer') ,
  ('Marin Belliveau', '2023-01-13', '283 980 8047', 'Female') ,
  ('Whitman Garza', '2023-07-25', '785 319 6693', 'Male') ,
  ('Maureene Torrese', '2023-03-11', '447 964 1210', 'Female') ,
  ('Meg Alben', '2023-02-23', '174 968 8617', 'Female') ,
  ('Mackenzie Georges', '2023-07-21', '109 345 0788', 'Male') ,
  ('Lyell Langmead', '2023-03-15', '690 534 3124', 'Male') ,
  ('Channa Brodbin', '2023-09-27', '496 158 0445', 'Female') ,
  ('Pris Huskinson', '2023-11-04', '848 749 6402', 'Female') ,
  ('Joanne Corstan', '2023-10-03', '722 160 3908', 'Female') ,
  ('Ferrell Hoofe', '2022-12-21', '593 426 8626', 'Male') ,
  ('Lorettalorna Frearson', '2023-06-19', '785 633 2987', 'Female') ,
  ('Gerik Thorbon', '2023-02-28', '676 305 6838', 'Male') ,
  ('Samantha Waterman', '2023-10-04', '353 830 7423', 'Female') ,
  ('Shurwood Smiley', '2023-01-07', '120 830 5144', 'Male') ,
  ('Audre Shallo', '2023-03-15', '241 342 6823', 'Genderfluid') ,
  ('Burnaby Griffitts', '2023-01-22', '562 822 0889', 'Bigender') ,
  ('Audre Lockless', '2023-06-04', '456 980 5256', 'Female') ,
  ('Saundra Ketchaside', '2023-01-17', '822 702 1445', 'Male') ,
  ('Loni Scamp', '2023-04-04', '350 209 8143', 'Female') ,
  ('Barclay Ricker', '2023-07-31', '499 519 9930', 'Male') ,
  ('Clarence Galler', '2023-01-02', '655 898 3103', 'Male') ,
  ('Lilia Lansberry', '2023-06-11', '106 830 9660', 'Female') ,
  ('Donella Orgill', '2023-04-07', '455 769 6970', 'Female') ,
  ('Rebe Vieyra', '2023-04-20', '356 717 2951', 'Female') ,
  ('Harriet Binding', '2023-05-24', '213 706 1212', 'Female') ,
  ('Saba McCuaig', '2023-12-06', '616 311 1819', 'Female') ,
  ('Larry Ludron', '2022-12-26', '801 773 4907', 'Male') ,
  ('Curtice Wilshire', '2023-11-04', '132 223 3880', 'Male') ,
  ('Tallia Besnardeau', '2023-05-28', '869 596 4721', 'Female') ,
  ('Waylin Grouvel', '2023-04-23', '671 782 9598', 'Male') ,
  ('Tish Zylbermann', '2023-01-08', '653 875 8558', 'Agender') ,
  ('Eve Thomasson', '2023-05-11', '180 196 6431', 'Female') ,
  ('Bowie Stuart', '2023-04-20', '752 342 9360', 'Male') ,
  ('Burke Belone', '2023-01-17', '637 447 6022', 'Male') ,
  ('Mirabel Kenneford', '2022-12-19', '664 771 5388', 'Female') ,
  ('Jessica Guile', '2023-01-14', '640 749 3770', 'Agender') ,
  ('Jamil Urlin', '2023-08-09', '334 336 2680', 'Male') ,
  ('Augustin Ramsier', '2023-12-15', '805 155 6142', 'Male') ,
  ('Dud Blakes', '2023-08-09', '624 922 0317', 'Male') ,
  ('Willie Grzeskowski', '2023-02-26', '644 112 7815', 'Male') ,
  ('Adria Muddimer', '2023-11-29', '719 474 5390', 'Female') ,
  ('Orville Newick', '2023-07-31', '922 354 3695', 'Male') ,
  ('Pearce Ellit', '2023-08-08', '176 575 7446', 'Male') ,
  ('Clarette Gerling', '2023-08-13', '569 801 2112', 'Female') ,
  ('Cyrille Vonasek', '2023-10-02', '195 300 1481', 'Male') ,
  ('Dougie Callcott', '2023-04-20', '969 896 6885', 'Genderfluid') ,
  ('Barnabas Jedrzejczyk', '2023-07-21', '580 744 2403', 'Polygender') ,
  ('Gustavo Crosio', '2023-11-01', '136 321 4118', 'Male') ,
  ('Elnar McKerton', '2023-04-26', '636 620 7531', 'Polygender') ,
  ('Egbert McLewd', '2023-08-28', '318 848 1550', 'Male') ,
  ('Farica Kubicki', '2023-02-05', '137 282 8304', 'Female') ,
  ('Barb Ganforthe', '2023-01-13', '353 262 1079', 'Female') ,
  ('Dom Whymark', '2023-01-04', '439 918 6410', 'Male') ,
  ('Ruggiero Matherson', '2023-05-25', '956 119 8393', 'Male') ,
  ('Gaby Camies', '2023-09-04', '629 429 6125', 'Female') ,
  ('Evelyn Deards', '2023-05-10', '619 684 8337', 'Male') ,
  ('Kerr Jervoise', '2023-08-23', '643 771 8153', 'Male') ,
  ('Theressa Jefferson', '2023-07-21', '411 802 6036', 'Female') ,
  ('Shamus Melly', '2023-03-17', '431 671 0158', 'Male') ,
  ('Sigvard Fuzzey', '2023-04-16', '495 923 5571', 'Male') ,
  ('Kay Scaice', '2023-08-16', '233 260 5838', 'Polygender') ,
  ('Araldo Tuddall', '2023-01-16', '249 606 7740', 'Male') ,
  ('Jere Sinkings', '2023-05-15', '845 771 6901', 'Male') ,
  ('Herrick Loyndon', '2023-06-20', '358 768 2440', 'Male') ,
  ('Gilberte Facer', '2023-07-31', '675 842 4536', 'Female') ,
  ('Waiter Gaw', '2023-10-30', '357 999 4870', 'Male') ,
  ('Dwight Serrurier', '2023-11-03', '378 652 5262', 'Male') ,
  ('Demetrius Holstein', '2023-02-15', '231 868 8468', 'Male') ,
  ('Pacorro Landon', '2023-05-13', '111 647 7431', 'Genderfluid') ,
  ('Anthiathia Wimsett', '2023-01-17', '736 532 6665', 'Female') ,
  ('Nil Hatzar', '2023-04-14', '437 142 2683', 'Male') ,
  ('Cleveland Camolli', '2023-08-01', '848 789 8235', 'Male') ,
  ('Connie Emmert', '2023-01-26', '698 988 9119', 'Male') ,
  ('Karlen Ville', '2023-04-26', '803 197 3851', 'Agender') ,
  ('Moria Ivanin', '2023-10-13', '526 840 2714', 'Female') ,
  ('Brunhilde Stollmeier', '2023-05-19', '678 383 9518', 'Female') ,
  ('Cherri Plummer', '2023-01-30', '385 980 8309', 'Female') ,
  ('Kari Jessopp', '2023-06-06', '497 195 1611', 'Female') ,
  ('Corrine Holton', '2023-02-26', '461 968 1614', 'Female') ,
  ('Noll Barnby', '2023-06-25', '204 246 9453', 'Male') ,
  ('Arv Chidler', '2023-10-22', '822 750 6449', 'Male') ,
  ('Aluin Fishley', '2023-04-10', '709 748 8880', 'Polygender') ,
  ('Nickola Dadge', '2023-01-18', '727 923 0336', 'Male') ,
  ('Cassaundra Gullan', '2023-02-10', '397 311 0055', 'Female') ,
  ('Quint Pasfield', '2023-10-26', '355 646 5800', 'Male') ,
  ('Arri Wiffill', '2023-08-04', '191 666 2426', 'Bigender') ,
  ('Raf Stanney', '2023-02-10', '656 427 9996', 'Female') ,
  ('Ryley Bassil', '2023-10-16', '126 506 2752', 'Male') ,
  ('Sayer Milch', '2023-06-07', '845 599 7855', 'Male') ,
  ('Herculie Gorries', '2023-02-20', '935 822 6743', 'Male') ,
  ('Masha Kippins', '2023-01-29', '608 472 5948', 'Non-binary') ,
  ('Ferrel Pickering', '2023-05-14', '958 132 7355', 'Non-binary') ,
  ('Norbie Van Arsdall', '2023-09-17', '389 421 5126', 'Male') ,
  ('Kailey Lerwill', '2023-08-07', '462 796 6985', 'Female') ,
  ('Montague Ruhben', '2023-05-31', '203 635 4852', 'Bigender') ,
  ('Cristen McInerney', '2023-05-01', '415 799 1410', 'Bigender') ,
  ('Hana Gwyneth', '2023-04-06', '290 609 9424', 'Bigender') ,
  ('Brock Klesl', '2023-09-30', '915 897 9208', 'Male') ,
  ('Prentice Coulthurst', '2023-11-11', '951 223 7232', 'Genderfluid') ,
  ('Melany Nappin', '2023-04-23', '584 755 3225', 'Female') ,
  ('Verna Angrove', '2023-02-08', '456 940 2345', 'Genderqueer') ,
  ('Daisey Maffia', '2023-01-09', '629 301 1251', 'Female') ,
  ('Lexi Collishaw', '2023-10-20', '429 425 3511', 'Female') ,
  ('Bailie Ballintyne', '2022-12-22', '918 712 9746', 'Male') ,
  ('Ileana Benedite', '2023-06-06', '437 365 0842', 'Female') ,
  ('Arthur Witsey', '2023-04-17', '791 202 0791', 'Male') ,
  ('Georgie Carlan', '2023-02-12', '528 178 6596', 'Female') ,
  ('Loralyn Piecha', '2023-09-12', '990 773 1682', 'Female') ,
  ('Jason Trower', '2023-11-20', '431 530 9205', 'Male') ,
  ('Lianna Rothery', '2023-10-08', '734 163 4481', 'Bigender') ,
  ('Viv Siccombe', '2023-09-04', '271 817 9172', 'Female') ,
  ('Staford Ferronet', '2023-09-14', '941 595 1062', 'Male') ,
  ('Felipa Rist', '2023-08-16', '947 314 3109', 'Female') ,
  ('Dorie Glyne', '2023-06-13', '725 779 9023', 'Male') ,
  ('Shane Gawthorpe', '2023-12-08', '865 274 3545', 'Male') ,
  ('Rustin Mebius', '2023-11-06', '462 410 9334', 'Male') ,
  ('Wendi Quinnelly', '2023-01-07', '823 449 8323', 'Female') ,
  ('Roi Yate', '2023-03-03', '502 957 9804', 'Male') ,
  ('Nerissa Joseland', '2023-05-24', '214 982 7104', 'Female') ,
  ('Mackenzie Whayman', '2023-04-16', '813 960 5546', 'Male') ,
  ('Emmalyn Petrovsky', '2023-02-22', '687 857 6448', 'Female') ,
  ('Erminie Cobson', '2023-06-26', '265 781 5090', 'Female') ,
  ('Pearle Angell', '2023-07-12', '460 143 5680', 'Polygender') ,
  ('Craggy Edison', '2023-01-15', '762 737 8580', 'Genderfluid') ,
  ('Yankee Laslett', '2023-07-19', '995 173 6381', 'Male') ,
  ('Denis Brodway', '2023-01-25', '159 558 2622', 'Male') ,
  ('Antonina Aggas', '2023-05-15', '693 551 5420', 'Female') ,
  ('Oralie Hardi', '2023-05-07', '994 394 7040', 'Female') ,
  ('Shanie Pohl', '2023-09-20', '973 640 2658', 'Female') ,
  ('Novelia Blei', '2023-10-07', '774 182 3736', 'Female') ,
  ('Shanan MacCaig', '2023-06-01', '716 803 1662', 'Male') ,
  ('Ariel Canadine', '2023-06-24', '320 760 2666', 'Male') ,
  ('Erasmus Reuble', '2023-09-16', '286 416 2404', 'Male') ,
  ('Bengt Aldie', '2023-12-13', '716 439 5134', 'Male') ,
  ('Cathrine Merrigans', '2023-10-22', '501 909 3559', 'Female') ,
  ('Ammamaria Victor', '2023-04-10', '231 281 5989', 'Female') ,
  ('Cash Syddie', '2023-02-03', '159 532 0023', 'Male') ,
  ('Molly Symondson', '2023-03-07', '741 766 1738', 'Female') ,
  ('Klara Simcoe', '2023-11-13', '394 610 9064', 'Female') ,
  ('Clary Indruch', '2023-05-06', '989 446 0524', 'Female') ,
  ('Shelden Fishbourn', '2023-10-05', '669 571 0418', 'Male') ,
  ('Ysabel Barends', '2023-03-24', '850 109 6373', 'Genderfluid') ,
  ('Calli Anglois', '2023-03-28', '677 821 5454', 'Female') ,
  ('Carling Cotillard', '2023-12-04', '630 678 1531', 'Male') ,
  ('Vale Deery', '2023-06-25', '729 461 7360', 'Male') ,
  ('Sebastiano Sarvar', '2023-07-25', '604 705 9936', 'Male') ,
  ('Collette Charlo', '2023-12-01', '796 464 6078', 'Female') ,
  ('Cleopatra Klimowicz', '2023-08-23', '975 100 5403', 'Female') ,
  ('Rodie Shortan', '2023-07-06', '856 802 3542', 'Female') ,
  ('Mozes Loghlen', '2023-10-20', '282 415 4334', 'Male') ,
  ('Germaine Peetermann', '2023-10-09', '541 343 0134', 'Male') ,
  ('Kriste Tschiersch', '2023-07-30', '688 518 2985', 'Female') ,
  ('Courtnay Bartlett', '2023-05-29', '796 293 3418', 'Female') ,
  ('Imojean Cathesyed', '2023-04-07', '257 810 0099', 'Female') ,
  ('Aubine McGown', '2023-12-14', '631 934 5219', 'Female') ,
  ('Marisa Paddemore', '2023-01-10', '955 836 1077', 'Female') ,
  ('Del Dannell', '2023-11-13', '751 159 5146', 'Female') ,
  ('Tamar Constanza', '2023-08-30', '933 303 5685', 'Female') ,
  ('Alfonse Liven', '2023-02-02', '768 690 6271', 'Male') ,
  ('Theresa Bearne', '2023-02-16', '687 542 5128', 'Female');

INSERT INTO studentbooklesson (Student_Id, Lesson_Id, vehicle_type, Passed_Theoretical)
VALUES
  (1, 1, 'truck', true) ,
  (2, 2, 'car', true) ,
  (3, 3, 'truck', false) ,
  (4, 4, 'van', true) ,
  (5, 5, 'truck', false) ,
  (6, 6, 'car', false) ,
  (7, 7, 'van', false) ,
  (8, 8, 'car', false) ,
  (9, 9, 'car', true) ,
  (10, 10, 'truck', false) ,
  (11, 11, 'truck', true) ,
  (12, 12, 'van', true) ,
  (13, 13, 'van', true) ,
  (14, 14, 'car', true) ,
  (15, 15, 'van', true) ,
  (16, 16, 'truck', false) ,
  (17, 17, 'van', false) ,
  (18, 18, 'van', true) ,
  (19, 19, 'truck', false) ,
  (20, 20, 'van', true) ,
  (21, 21, 'van', true) ,
  (22, 22, 'truck', true) ,
  (23, 23, 'van', true) ,
  (24, 24, 'truck', false) ,
  (25, 25, 'truck', false) ,
  (26, 26, 'truck', true) ,
  (27, 27, 'car', false) ,
  (28, 28, 'car', false) ,
  (29, 29, 'car', false) ,
  (30, 30, 'car', true) ,
  (31, 31, 'car', true) ,
  (32, 32, 'car', false) ,
  (33, 33, 'van', true) ,
  (34, 34, 'van', true) ,
  (35, 35, 'truck', false) ,
  (36, 36, 'van', true) ,
  (37, 37, 'van', false) ,
  (38, 38, 'car', true) ,
  (39, 39, 'van', true) ,
  (40, 40, 'truck', true) ,
  (41, 41, 'truck', true) ,
  (42, 42, 'van', true) ,
  (43, 43, 'car', true) ,
  (44, 44, 'truck', true) ,
  (45, 45, 'car', false) ,
  (46, 46, 'van', true) ,
  (47, 47, 'truck', true) ,
  (48, 48, 'truck', false) ,
  (49, 49, 'car', true) ,
  (50, 50, 'truck', true) ,
  (51, 51, 'van', true) ,
  (52, 52, 'van', true) ,
  (53, 53, 'car', true) ,
  (54, 54, 'car', true) ,
  (55, 55, 'car', false) ,
  (56, 56, 'van', true) ,
  (57, 57, 'car', false) ,
  (58, 58, 'car', true) ,
  (59, 59, 'truck', true) ,
  (60, 60, 'truck', true) ,
  (61, 61, 'van', true) ,
  (62, 62, 'truck', false) ,
  (63, 63, 'van', false) ,
  (64, 64, 'car', true) ,
  (65, 65, 'truck', false) ,
  (66, 66, 'truck', false) ,
  (67, 67, 'car', true) ,
  (68, 68, 'car', false) ,
  (69, 69, 'car', false) ,
  (70, 70, 'van', true) ,
  (71, 71, 'car', true) ,
  (72, 72, 'van', true) ,
  (73, 73, 'van', false) ,
  (74, 74, 'van', false) ,
  (75, 75, 'van', false) ,
  (76, 76, 'van', false) ,
  (77, 77, 'truck', false) ,
  (78, 78, 'van', false) ,
  (79, 79, 'truck', true) ,
  (80, 80, 'car', false) ,
  (81, 81, 'van', false) ,
  (82, 82, 'car', true) ,
  (83, 83, 'car', true) ,
  (84, 84, 'truck', true) ,
  (85, 85, 'car', false) ,
  (86, 86, 'van', false) ,
  (87, 87, 'car', true) ,
  (88, 88, 'van', false) ,
  (89, 89, 'truck', true) ,
  (90, 90, 'car', true) ,
  (91, 91, 'car', true) ,
  (92, 92, 'truck', true) ,
  (93, 93, 'van', true) ,
  (94, 94, 'van', true) ,
  (95, 95, 'van', true) ,
  (96, 96, 'car', true) ,
  (97, 97, 'truck', false) ,
  (98, 98, 'car', false) ,
  (99, 99, 'truck', true) ,
  (100, 100, 'van', false) ,
  (101, 101, 'van', false) ,
  (102, 102, 'car', false) ,
  (103, 103, 'car', true) ,
  (104, 104, 'car', false) ,
  (105, 105, 'van', false) ,
  (106, 106, 'van', false) ,
  (107, 107, 'car', true) ,
  (108, 108, 'truck', true) ,
  (109, 109, 'car', true) ,
  (110, 110, 'van', true) ,
  (111, 111, 'van', true) ,
  (112, 112, 'truck', true) ,
  (113, 113, 'van', false) ,
  (114, 114, 'van', true) ,
  (115, 115, 'truck', false) ,
  (116, 116, 'van', false) ,
  (117, 117, 'truck', false) ,
  (118, 118, 'truck', true) ,
  (119, 119, 'van', false) ,
  (120, 120, 'van', true) ,
  (121, 121, 'car', true) ,
  (122, 122, 'car', false) ,
  (123, 123, 'car', false) ,
  (124, 124, 'car', false) ,
  (125, 125, 'truck', false) ,
  (126, 126, 'van', false) ,
  (127, 127, 'car', true) ,
  (128, 128, 'van', false) ,
  (129, 129, 'truck', true) ,
  (130, 130, 'van', true) ,
  (131, 131, 'truck', true) ,
  (132, 132, 'van', false) ,
  (133, 133, 'van', true) ,
  (134, 134, 'truck', true) ,
  (135, 135, 'car', false) ,
  (136, 136, 'van', false) ,
  (137, 137, 'car', false) ,
  (138, 138, 'car', false) ,
  (139, 139, 'van', true) ,
  (140, 140, 'car', false) ,
  (141, 141, 'truck', true) ,
  (142, 142, 'truck', true) ,
  (143, 143, 'van', false) ,
  (144, 144, 'van', false) ,
  (145, 145, 'van', false) ,
  (146, 146, 'truck', true) ,
  (147, 147, 'car', true) ,
  (148, 148, 'car', false) ,
  (149, 149, 'truck', true) ,
  (150, 150, 'truck', true) ,
  (151, 151, 'car', true) ,
  (152, 152, 'truck', false) ,
  (153, 153, 'truck', false) ,
  (154, 154, 'truck', false) ,
  (155, 155, 'van', false) ,
  (156, 156, 'van', true) ,
  (157, 157, 'van', false) ,
  (158, 158, 'car', true) ,
  (159, 159, 'van', false) ,
  (160, 160, 'truck', false) ,
  (161, 161, 'truck', false) ,
  (162, 162, 'truck', true) ,
  (163, 163, 'truck', false) ,
  (164, 164, 'van', false) ,
  (165, 165, 'car', true) ,
  (166, 166, 'van', true) ,
  (167, 167, 'truck', true) ,
  (168, 168, 'truck', false) ,
  (169, 169, 'truck', true) ,
  (170, 170, 'car', true) ,
  (171, 171, 'car', true) ,
  (172, 172, 'van', false) ,
  (173, 173, 'truck', false) ,
  (174, 174, 'truck', false) ,
  (175, 175, 'van', false) ,
  (176, 176, 'van', true) ,
  (177, 177, 'van', true) ,
  (178, 178, 'car', false) ,
  (179, 179, 'truck', false) ,
  (180, 180, 'car', true) ,
  (181, 181, 'car', false) ,
  (182, 182, 'van', false) ,
  (183, 183, 'van', true) ,
  (184, 184, 'car', true) ,
  (185, 185, 'car', true) ,
  (186, 186, 'van', true) ,
  (187, 187, 'car', false) ,
  (188, 188, 'car', true) ,
  (189, 189, 'car', false) ,
  (190, 190, 'van', true) ,
  (191, 191, 'truck', true) ,
  (192, 192, 'car', true) ,
  (193, 193, 'van', true) ,
  (194, 194, 'van', false) ,
  (195, 195, 'car', true) ,
  (196, 196, 'car', false) ,
  (197, 197, 'truck', true) ,
  (198, 198, 'car', false) ,
  (199, 199, 'car', true) ,
  (200, 200, 'car', false) ,
  (201, 201, 'truck', true) ,
  (202, 202, 'truck', true) ,
  (203, 203, 'van', false) ,
  (204, 204, 'van', false) ,
  (205, 205, 'truck', true) ,
  (206, 206, 'truck', false) ,
  (207, 207, 'van', true) ,
  (208, 208, 'car', true) ,
  (209, 209, 'car', false) ,
  (210, 210, 'van', true) ,
  (211, 211, 'truck', false) ,
  (212, 212, 'van', false) ,
  (213, 213, 'van', false) ,
  (214, 214, 'truck', true) ,
  (215, 215, 'truck', false) ,
  (216, 216, 'van', true) ,
  (217, 217, 'truck', false) ,
  (218, 218, 'car', false) ,
  (219, 219, 'car', true) ,
  (220, 220, 'car', true) ,
  (221, 221, 'car', false) ,
  (222, 222, 'van', true) ,
  (223, 223, 'van', false) ,
  (224, 224, 'car', true) ,
  (225, 225, 'car', true) ,
  (226, 226, 'truck', true) ,
  (227, 227, 'truck', true) ,
  (228, 228, 'car', false) ,
  (229, 229, 'van', true) ,
  (230, 230, 'truck', true) ,
  (231, 231, 'truck', true) ,
  (232, 232, 'truck', false) ,
  (233, 233, 'truck', false) ,
  (234, 234, 'car', true) ,
  (235, 235, 'truck', true) ,
  (236, 236, 'truck', true) ,
  (237, 237, 'truck', true) ,
  (238, 238, 'truck', true) ,
  (239, 239, 'car', false) ,
  (240, 240, 'truck', true) ,
  (241, 241, 'car', true) ,
  (242, 242, 'car', true);

INSERT INTO Theoretical_Class (ClassRoom, MaxCapacity, Topic, Lesson_id)
VALUES
   (101, 30, 'Introduction to Manual Driving', 1),
   (102, 25, 'Basic Vehicle Control Techniques', 2),
   (103, 20, 'Manual Transmission Operation', 3),
   (104, 35, 'Mastering Clutch and Gear Shifting', 4),
   (105, 28, 'Hill Start and Parking Techniques', 5),
   (201, 40, 'Advanced Manual Driving Skills', 6),
   (202, 22, 'Emergency Maneuvers in Manual Driving', 7),
   (203, 30, 'Manual Transmission Maintenance', 8),
   (204, 25, 'Safety Tips for Manual Drivers', 9),
   (205, 33, 'Mastering Manual Driving in Traffic', 10),
   (301, 30, 'Introduction to SQL', 11),
   (302, 25, 'Data Modeling Basics', 12),
   (303, 20, 'Query Optimization Techniques', 13),
   (304, 35, 'Normalization Concepts', 14),
   (305, 28, 'Indexes and Performance', 15),
   (401, 40, 'Advanced SQL Queries', 16),
   (402, 22, 'Database Security', 17),
   (403, 30, 'Transaction Management', 18),
   (404, 25, 'Backup and Recovery Strategies', 19),
   (405, 33, 'Database Design Best Practices', 20),
   (501, 30, 'Advanced Database Concepts', 21),
   (502, 25, 'Data Warehousing Fundamentals', 22),
   (503, 20, 'Big Data Analytics', 23),
   (504, 35, 'NoSQL Databases', 24),
   (505, 28, 'Cloud Database Solutions', 25),
   (601, 40, 'Spatial Databases', 26),
   (602, 22, 'Graph Databases', 27),
   (603, 30, 'Temporal Databases', 28),
   (604, 25, 'Database Migration Strategies', 29),
   (605, 33, 'Ethical Data Handling', 30),
   (701, 30, 'Data Science Fundamentals', 31),
   (702, 25, 'Machine Learning Basics', 32),
   (703, 20, 'Natural Language Processing', 33),
   (704, 35, 'Deep Learning Concepts', 34),
   (705, 28, 'Reinforcement Learning', 35),
   (801, 40, 'Blockchain and Databases', 36),
   (802, 22, 'Cybersecurity in Databases', 37),
   (803, 30, 'IoT Data Management', 38),
   (804, 25, 'Database DevOps Practices', 39),
   (805, 33, 'Data Governance Strategies', 40);

INSERT INTO Branch (Name, HQ, Employee_Capacity, Address) VALUES
    ('Haasrode', 'Main Office', 984, '2167 Bobwhite Plaza'),
    ('Alken', 'Central Office', 555, '92 Loftsgordon Avenue'),
    ('Tienen', 'Regional Office', 600, '937 Autumn Leaf Parkway'),
    ('Sint-Niklaas', 'Local Office', 99, '9 Gale Alley'),
    ('Ghent', 'District Office', 55, '2 Shasta Parkway');

INSERT INTO EmailAddress (Email, Student_Id, Employee_Id) values
  ('hcuffin0@engadget.com', 1, 1) , 
  ('lpreuvost1@wufoo.com', 2, 2) , 
  ('egiorgeschi2@shop-pro.jp', 3, 3) , 
  ('ehoggan3@booking.com', 4, 4) , 
  ('kvasovic4@sciencedirect.com', 5, 5) , 
  ('lovey5@bing.com', 6, 6) , 
  ('rhuson6@tinyurl.com', 7, 7) , 
  ('ibeasant7@microsoft.com', 8, 8) , 
  ('mmattheis8@mediafire.com', 9, 9) , 
  ('agurling9@google.com.hk', 10, 10) , 
  ('dcarringtona@gravatar.com', 11, 11) , 
  ('lnarupb@wikia.com', 12, 12) , 
  ('mcameranac@ocn.ne.jp', 13, 13) , 
  ('csindelld@so-net.ne.jp', 14, 14) , 
  ('mjolliee@epa.gov', 15, 15) , 
  ('kgahaganf@pbs.org', 16, 16) , 
  ('omouldingg@webmd.com', 17, 17) , 
  ('bstatersfieldh@slate.com', 18, 18) , 
  ('temsdeni@cisco.com', 19, 19) , 
  ('skensyj@imageshack.us', 20, 20) , 
  ('hadamek@gravatar.com', 21, 21) , 
  ('dmartschikl@wix.com', 22, 22) , 
  ('jtollettm@hibu.com', 23, 23) , 
  ('epaddefieldn@skyrock.com', 24, 24) , 
  ('fwallero@naver.com', 25, 25) , 
  ('pshevlanp@google.co.jp', 26, 26) , 
  ('mmatthewsq@webeden.co.uk', 27, 27) , 
  ('imocquerr@technorati.com', 28, 28) , 
  ('cchecos@prweb.com', 29, 29) , 
  ('sbauldreyt@vimeo.com', 30, 30) , 
  ('mbuckstonu@purevolume.com', 31, 31) , 
  ('osailev@europa.eu', 32, 32) , 
  ('kmoffatw@nytimes.com', 33, 33) , 
  ('ahurtx@census.gov', 34, 34) , 
  ('tmatterseyy@java.com', 35, 35) , 
  ('rhardenz@goo.gl', 36, 36) , 
  ('aquartermaine10@networkadvertising.org', 37, 37) , 
  ('agoacher11@dropbox.com', 38, 38) , 
  ('tlanchbery12@google.es', 39, 39) , 
  ('djoutapavicius13@gravatar.com', 40, 40) , 
  ('clebarr14@barnesandnoble.com', 41, 41) , 
  ('cbeine15@cornell.edu', 42, 42) , 
  ('erubinowicz16@creativecommons.org', 43, 43) , 
  ('ebrameld17@issuu.com', 44, 44) , 
  ('farlott18@prnewswire.com', 45, 45) , 
  ('onarramor19@webs.com', 46, 46) , 
  ('bwherry1a@flickr.com', 47, 47) , 
  ('fasher1b@naver.com', 48, 48) , 
  ('mtowey1c@mashable.com', 49, 49) , 
  ('zconring1d@latimes.com', 50, 50) , 
  ('fpoltun1e@miitbeian.gov.cn', 51, 51) , 
  ('imoston1f@privacy.gov.au', 52, 52) , 
  ('amcgahy1g@europa.eu', 53, 53) , 
  ('amckevany1h@acquirethisname.com', 54, 54) , 
  ('doshee1i@youku.com', 55, 55) , 
  ('cespadate1j@lulu.com', 56, 56) , 
  ('mwingar1k@techcrunch.com', 57, 57) , 
  ('akirton1l@flickr.com', 58, 58) , 
  ('randrioni1m@cornell.edu', 59, 59) , 
  ('gavann1n@msn.com', 60, 60) , 
  ('dchinnock1o@webs.com', 61, 61) , 
  ('khansford1p@altervista.org', 62, 62) , 
  ('epolly1q@utexas.edu', 63, 63) , 
  ('spoad1r@friendfeed.com', 64, 64) , 
  ('hsaipy1s@msu.edu', 65, 65) , 
  ('obrittle1t@woothemes.com', 66, 66) , 
  ('lbauckham1u@bluehost.com', 67, 67) , 
  ('mballston1v@yale.edu', 68, 68) , 
  ('smetterick1w@ustream.tv', 69, 69) , 
  ('gmorde1x@oakley.com', 70, 70) , 
  ('mcavey1y@aol.com', 71, 71) , 
  ('atakle1z@devhub.com', 72, 72) , 
  ('abullough20@cbc.ca', 73, 73) , 
  ('mrembrandt21@amazonaws.com', 74, 74) , 
  ('nmoorrud22@google.co.jp', 75, 75) , 
  ('lemanson23@bloglovin.com', 76, 76) , 
  ('neloy24@csmonitor.com', 77, 77) , 
  ('cdorward25@ask.com', 78, 78) , 
  ('klouche26@acquirethisname.com', 79, 79) , 
  ('nrubrow27@etsy.com', 80, 80) , 
  ('breuther28@youtube.com', 81, 81) , 
  ('cegre29@123-reg.co.uk', 82, 82) , 
  ('acolkett2a@sitemeter.com', 83, 83) , 
  ('tpaolinelli2b@goodreads.com', 84, 84) , 
  ('lwitton2c@joomla.org', 85, 85) , 
  ('gsangra2d@unblog.fr', 86, 86) , 
  ('apendle2e@bandcamp.com', 87, 87) , 
  ('lshoute2f@paginegialle.it', 88, 88) , 
  ('jvertey2g@tiny.cc', 89, 89) , 
  ('sluce2h@ft.com', 90, 90) , 
  ('sdielhenn2i@thetimes.co.uk', 91, 91) , 
  ('fcurnick2j@e-recht24.de', 92, 92) , 
  ('bfiloniere2k@biglobe.ne.jp', 93, 93) , 
  ('jaarons2l@behance.net', 94, 94) , 
  ('jbasillon2m@unesco.org', 95, 95) , 
  ('clewsy2n@163.com', 96, 96) , 
  ('kwhatford2o@bluehost.com', 97, 97) , 
  ('ctaillard2p@smh.com.au', 98, 98) , 
  ('dgration2q@elegantthemes.com', 99, 99) , 
  ('mrastall2r@bigcartel.com', 100, 100) , 
  ('mohrtmann2s@github.com', 101, 101) , 
  ('vrainsdon2t@tuttocitta.it', 102, 102) , 
  ('cjedrzejczak2u@sciencedaily.com', 103, 103) , 
  ('mjilliss2v@yelp.com', 104, 104) , 
  ('cbehan2w@vkontakte.ru', 105, 105) , 
  ('clenham2x@google.com.hk', 106, 106) , 
  ('lmcneill2y@zimbio.com', 107, 107) , 
  ('faylin2z@vistaprint.com', 108, 108) , 
  ('acrosier30@alexa.com', 109, 109) , 
  ('lpheasey31@hostgator.com', 110, 110) , 
  ('cpinnell32@spotify.com', 111, 111) , 
  ('cstillgoe33@gizmodo.com', 112, 112) , 
  ('efairlie34@paypal.com', 113, 113) , 
  ('jgarlee35@usgs.gov', 114, 114) , 
  ('cbwye36@spiegel.de', 115, 115) , 
  ('arimbault37@businessinsider.com', 116, 116) , 
  ('cbruggeman38@deliciousdays.com', 117, 117) , 
  ('jauckland39@list-manage.com', 118, 118) , 
  ('jbrosoli3a@marketwatch.com', 119, 119) , 
  ('ndubock3b@com.com', 120, 120) , 
  ('hstockau3c@uol.com.br', 121, 121) , 
  ('vbroggini3d@arstechnica.com', 122, 122) , 
  ('ehumbee3e@php.net', 123, 123) , 
  ('kskirlin3f@free.fr', 124, 124) , 
  ('vovery3g@nih.gov', 125, 125) , 
  ('areaman3h@bluehost.com', 126, 126) , 
  ('cpallin3i@angelfire.com', 127, 127) , 
  ('cmcfie3j@qq.com', 128, 128) , 
  ('psimpole3k@pbs.org', 129, 129) , 
  ('sjentle3l@instagram.com', 130, 130) , 
  ('vhubbis3m@newyorker.com', 131, 131) , 
  ('mmargarson3n@go.com', 132, 132) , 
  ('dmaasz3o@seesaa.net', 133, 133) , 
  ('dvallender3p@ox.ac.uk', 134, 134) , 
  ('wseawell3q@pinterest.com', 135, 135) , 
  ('fmulliss3r@homestead.com', 136, 136) , 
  ('mbendel3s@uol.com.br', 137, 137) , 
  ('fcrome3t@google.fr', 138, 138) , 
  ('tbrownill3u@yelp.com', 139, 139) , 
  ('afordham3v@redcross.org', 140, 140) , 
  ('bsampey3w@exblog.jp', 141, 141) , 
  ('eboice3x@aboutads.info', 142, 142) , 
  ('ctiler3y@skype.com', 143, 143) , 
  ('btyrie3z@china.com.cn', 144, 144) , 
  ('pastin40@apple.com', 145, 145) , 
  ('khuntingford41@chron.com', 146, 146) , 
  ('aaddionizio42@gravatar.com', 147, 147) , 
  ('tszachniewicz43@livejournal.com', 148, 148) , 
  ('sjeskin44@pinterest.com', 149, 149) , 
  ('ggoudy45@chronoengine.com', 150, 150) , 
  ('mosuaird46@bloglovin.com', 151, 151) , 
  ('kcourtenay47@drupal.org', 152, 152) , 
  ('dbyfield48@dot.gov', 153, 153) , 
  ('mlee49@marketwatch.com', 154, 154) , 
  ('alennarde4a@lulu.com', 155, 155) , 
  ('clegg4b@rambler.ru', 156, 156) , 
  ('cturvie4c@home.pl', 157, 157) , 
  ('radamik4d@wp.com', 158, 158) , 
  ('lhainge4e@nydailynews.com', 159, 159) , 
  ('hglander4f@addthis.com', 160, 160) , 
  ('jbrisley4g@hugedomains.com', 161, 161) , 
  ('amaughan4h@bbb.org', 162, 162) , 
  ('dbickerton4i@alibaba.com', 163, 163) , 
  ('sfrankum4j@smugmug.com', 164, 164) , 
  ('laxup4k@state.gov', 165, 165) , 
  ('gbourgourd4l@purevolume.com', 166, 166) , 
  ('jpoltun4m@techcrunch.com', 167, 167) , 
  ('abarhams4n@sohu.com', 168, 168) , 
  ('vmathouse4o@accuweather.com', 169, 169) , 
  ('twratten4p@nsw.gov.au', 170, 170) , 
  ('kranahan4q@histats.com', 171, 171) , 
  ('bwooler4r@feedburner.com', 172, 172) , 
  ('lsieb4s@usgs.gov', 173, 173) , 
  ('hkauffman4t@ca.gov', 174, 174) , 
  ('hbelderson4u@themeforest.net', 175, 175) , 
  ('gtregien4v@bing.com', 176, 176) , 
  ('pryton4w@themeforest.net', 177, 177) , 
  ('rfinessy4x@desdev.cn', 178, 178) , 
  ('ljosey4y@smugmug.com', 179, 179) , 
  ('sfearney4z@walmart.com', 180, 180) , 
  ('lswin50@1688.com', 181, 181) , 
  ('srowet51@delicious.com', 182, 182) , 
  ('ewickrath52@loc.gov', 183, 183) , 
  ('askatcher53@goo.gl', 184, 184) , 
  ('ofake54@who.int', 185, 185) , 
  ('eswaine55@ow.ly', 186, 186) , 
  ('msuggett56@nymag.com', 187, 187) , 
  ('ffalkner57@indiegogo.com', 188, 188) , 
  ('bsmeall58@blogtalkradio.com', 189, 189) , 
  ('dpesic59@geocities.jp', 190, 190) , 
  ('ashipsey5a@businessweek.com', 191, 191) , 
  ('fchessill5b@amazon.de', 192, 192) , 
  ('kmaudling5c@rakuten.co.jp', 193, 193) , 
  ('fmuress5d@jalbum.net', 194, 194) , 
  ('bgrimstead5e@google.com', 195, 195) , 
  ('eollington5f@chicagotribune.com', 196, 196) , 
  ('uannable5g@technorati.com', 197, 197) , 
  ('cmatias5h@mac.com', 198, 198) , 
  ('ndunkerley5i@plala.or.jp', 199, 199) , 
  ('sabdon5j@ucla.edu', 200, 200) , 
  ('bcolby5k@creativecommons.org', 201, 201) , 
  ('pleacy5l@printfriendly.com', 202, 202) , 
  ('dthackston5m@digg.com', 203, 203) , 
  ('nmatyushkin5n@acquirethisname.com', 204, 204) , 
  ('ncressy5o@photobucket.com', 205, 205) , 
  ('sbispham5p@mail.ru', 206, 206) , 
  ('mstanislaw5q@shinystat.com', 207, 207) , 
  ('njosefer5r@bing.com', 208, 208) , 
  ('movenell5s@sina.com.cn', 209, 209) , 
  ('asand5t@unblog.fr', 210, 210) , 
  ('jmelan5u@typepad.com', 211, 211) , 
  ('mbickford5v@google.com.au', 212, 212) , 
  ('rsotheron5w@ft.com', 213, 213) , 
  ('eshire5x@abc.net.au', 214, 214) , 
  ('aperassi5y@mozilla.org', 215, 215) , 
  ('plimeburn5z@discuz.net', 216, 216) , 
  ('aquainton60@google.ru', 217, 217) , 
  ('edohmer61@instagram.com', 218, 218) , 
  ('cturfs62@desdev.cn', 219, 219) , 
  ('nkerbler63@engadget.com', 220, 220) , 
  ('fcosans64@bbc.co.uk', 221, 221) , 
  ('aconcannon65@cisco.com', 222, 222) , 
  ('tbrokenshire66@economist.com', 223, 223) , 
  ('rbeenham67@friendfeed.com', 224, 224) , 
  ('vtriner68@msu.edu', 225, 225) , 
  ('aswanbourne69@linkedin.com', 226, 226) , 
  ('hwylam6a@jigsy.com', 227, 227) , 
  ('ktomkys6b@goo.ne.jp', 228, 228) , 
  ('zhurring6c@sitemeter.com', 229, 229) , 
  ('vrobken6d@netscape.com', 230, 230) , 
  ('zbatters6e@wsj.com', 231, 231) , 
  ('pmicka6f@pbs.org', 232, 232) , 
  ('trenals6g@skyrock.com', 233, 233) , 
  ('lstibbs6h@virginia.edu', 234, 234) , 
  ('odukes6i@mail.ru', 235, 235) , 
  ('wdudderidge6j@aol.com', 236, 236) , 
  ('ptoy6k@newsvine.com', 237, 237) , 
  ('cheasman6l@tripod.com', 238, 238);

INSERT INTO Employee (Employee_Id, name, Date_of_Birth, Phone_Number, gender) values
    (1, 'Karlens Doak', '2023-08-08', '805 754 1047', 'Male') ,
    (2, 'Hamilton Goldfinch', '2023-05-10', '357 241 6351', 'Male') ,
    (3, 'Moritz Gosalvez', '2023-03-06', '602 218 1253', 'Male') ,
    (4, 'Federico Diamond', '2023-01-26', '354 863 2208', 'Male') ,
    (5, 'Shela Fetherstan', '2023-12-11', '411 490 8518', 'Female') ,
    (6, 'Skell MacMenamy', '2023-08-09', '870 418 5435', 'Male') ,
    (7, 'Bil Shere', '2023-06-11', '375 317 8015', 'Male') ,
    (8, 'Nikola Alcorn', '2023-07-24', '211 219 9726', 'Male') ,
    (9, 'Brittani Cazalet', '2023-10-18', '992 367 8299', 'Female') ,
    (10, 'Mose Blincowe', '2023-10-18', '992 274 7727', 'Male') ,
    (11, 'Cross Dunton', '2023-08-16', '704 562 8061', 'Genderqueer') ,
    (12, 'Lew Mosedill', '2023-01-09', '362 371 5969', 'Male') ,
    (13, 'Gweneth Toomey', '2023-09-14', '234 915 2407', 'Female') ,
    (14, 'Claudianus Tench', '2023-10-17', '605 523 7401', 'Male') ,
    (15, 'Gretna Hambric', '2023-02-21', '153 182 8231', 'Female') ,
    (16, 'Valery Maytum', '2023-09-24', '517 132 3521', 'Female') ,
    (17, 'Talia Yuryshev', '2023-06-13', '137 832 8178', 'Female') ,
    (18, 'Amandie Vicar', '2023-11-29', '248 603 8975', 'Female') ,
    (19, 'Aura Hiland', '2023-07-11', '606 156 7225', 'Female') ,
    (20, 'Eliot Yorston', '2022-12-31', '920 710 1857', 'Male') ,
    (21, 'Reggy Baxter', '2023-05-14', '247 551 8426', 'Male') ,
    (22, 'Robert Wrintmore', '2023-09-28', '282 940 0624', 'Male') ,
    (23, 'Yolane Gritskov', '2023-10-15', '104 586 4241', 'Female') ,
    (24, 'Tracee Martinez', '2023-01-19', '110 260 1792', 'Female') ,
    (25, 'Orv MacCrosson', '2023-05-18', '900 792 3095', 'Male') ,
    (26, 'Joela Berthouloume', '2023-07-25', '723 524 0252', 'Female') ,
    (27, 'Therine Trubshaw', '2023-03-04', '772 561 4134', 'Female') ,
    (28, 'Jo-ann Henighan', '2023-04-30', '898 896 9161', 'Female') ,
    (29, 'Jerald Stranger', '2023-05-22', '458 951 4439', 'Male') ,
    (30, 'Martita Lewsie', '2023-07-11', '518 637 4584', 'Bigender') ,
    (31, 'Aggy Denslow', '2022-12-31', '191 505 6409', 'Female') ,
    (32, 'Gabbie McCurt', '2023-05-07', '440 237 6880', 'Female') ,
    (33, 'Weylin Benzing', '2023-08-24', '147 581 6122', 'Male') ,
    (34, 'Alan Walczynski', '2023-07-23', '986 370 8310', 'Male') ,
    (35, 'Annis Askin', '2023-07-07', '807 271 5661', 'Female') ,
    (36, 'Luigi Kitteridge', '2023-05-17', '872 443 7117', 'Male') ,
    (37, 'Minetta Simak', '2023-08-02', '565 826 9759', 'Female') ,
    (38, 'Rivi Sheridan', '2023-03-19', '183 987 1626', 'Female') ,
    (39, 'Tamas Haugh', '2023-02-18', '141 646 9863', 'Male') ,
    (40, 'Andi Tooker', '2023-09-15', '655 940 0460', 'Polygender') ,
    (41, 'Sella Berkery', '2023-11-23', '303 370 1361', 'Female') ,
    (42, 'Bastien Hadlington', '2023-05-05', '209 310 1289', 'Male') ,
    (43, 'Miran Vanni', '2023-05-22', '165 449 6714', 'Female') ,
    (44, 'Basile Tyndall', '2023-05-21', '450 884 9546', 'Male') ,
    (45, 'Ferne Henrion', '2023-08-26', '881 881 1290', 'Female') ,
    (46, 'Jillane McSkeagan', '2023-12-14', '598 452 7319', 'Female') ,
    (47, 'Justina Shinfield', '2023-05-18', '954 271 0399', 'Female') ,
    (48, 'Daron Buttel', '2023-08-22', '321 726 5262', 'Male') ,
    (49, 'Glenna Gemlett', '2023-04-05', '580 652 7873', 'Female') ,
    (50, 'Rosene Keling', '2023-01-06', '134 766 8638', 'Female') ,
    (51, 'Olenolin Lamperti', '2023-10-31', '800 386 4266', 'Male') ,
    (52, 'Demetrius Kinker', '2023-07-31', '902 294 2550', 'Male') ,
    (53, 'Wallace Mawdsley', '2023-08-05', '875 683 3695', 'Male') ,
    (54, 'Rochella Imlen', '2023-10-31', '279 724 8102', 'Female') ,
    (55, 'Serge Hanster', '2023-07-04', '381 983 6799', 'Male') ,
    (56, 'Gale MacConnel', '2023-02-27', '774 558 9449', 'Female') ,
    (57, 'Shanan Ciottoi', '2023-11-14', '969 123 3828', 'Male') ,
    (58, 'Berry Wittering', '2023-04-22', '396 172 2666', 'Female') ,
    (59, 'Brooke Crawley', '2023-04-01', '711 555 3594', 'Male') ,
    (60, 'Sophey Ghelarducci', '2023-06-26', '397 132 6685', 'Female') ,
    (61, 'Barthel Parton', '2023-05-11', '566 611 8915', 'Male') ,
    (62, 'Robinson Zaczek', '2023-04-28', '494 789 3920', 'Male') ,
    (63, 'Ruddy Whitcher', '2023-09-10', '306 325 1924', 'Agender') ,
    (64, 'Tabor Filipputti', '2023-03-07', '449 677 2202', 'Male') ,
    (65, 'Cosmo Ind', '2022-12-28', '488 873 5273', 'Male') ,
    (66, 'Claudia Lasty', '2023-10-26', '266 516 6425', 'Female') ,
    (67, 'Drusie Liggins', '2023-03-26', '457 880 5293', 'Female') ,
    (68, 'Betsy Mahony', '2023-09-16', '277 525 1512', 'Female') ,
    (69, 'Minna Gaskamp', '2023-06-30', '136 202 6721', 'Genderfluid') ,
    (70, 'Thadeus Lomax', '2023-01-15', '909 295 7795', 'Male') ,
    (71, 'Dominga Baxendale', '2023-02-08', '891 497 9245', 'Female') ,
    (72, 'Donelle Jefferys', '2023-07-03', '890 827 1011', 'Female') ,
    (73, 'William Sivess', '2023-09-05', '313 131 4799', 'Bigender') ,
    (74, 'Desiree Wickins', '2023-11-01', '498 230 2297', 'Polygender') ,
    (75, 'Cornell Sprowell', '2023-10-02', '371 695 2507', 'Male') ,
    (76, 'Ardeen Hafner', '2023-08-18', '902 136 2950', 'Female') ,
    (77, 'Kevin Ramsell', '2023-07-10', '800 202 4161', 'Male') ,
    (78, 'Shaun Bony', '2023-01-02', '555 901 2831', 'Non-binary') ,
    (79, 'Perla Scholfield', '2023-07-30', '623 712 9155', 'Genderfluid') ,
    (80, 'Burg Iacobassi', '2023-04-30', '743 191 9426', 'Male') ,
    (81, 'Kenna Edworthy', '2023-04-01', '416 360 2708', 'Genderqueer') ,
    (82, 'Giavani McClure', '2023-06-20', '125 149 5921', 'Male') ,
    (83, 'Frasquito Giacoppo', '2023-09-07', '928 667 9868', 'Male') ,
    (84, 'Berny McClaurie', '2023-11-08', '924 730 2290', 'Female') ,
    (85, 'Germaine Shave', '2023-02-26', '205 832 6011', 'Male') ,
    (86, 'Moritz Gennerich', '2022-12-17', '817 135 5327', 'Male') ,
    (87, 'Faunie Peaddie', '2023-05-07', '248 749 3533', 'Female') ,
    (88, 'Ariela Chastanet', '2023-11-05', '684 748 3422', 'Female') ,
    (89, 'Archy Woodland', '2023-08-31', '680 633 2068', 'Male') ,
    (90, 'Bridgette Saville', '2023-05-13', '446 657 9295', 'Female') ,
    (91, 'Janeczka Gauchier', '2023-01-31', '352 563 5253', 'Non-binary') ,
    (92, 'Lemar Haldin', '2023-08-01', '869 810 5248', 'Male') ,
    (93, 'Dan Lilford', '2023-05-08', '748 351 3538', 'Male') ,
    (94, 'Kimberley Knibb', '2023-01-08', '503 609 2768', 'Bigender') ,
    (95, 'Auguste Jermyn', '2023-04-09', '561 524 7415', 'Female') ,
    (96, 'Artie Sudworth', '2023-11-09', '996 177 6796', 'Male') ,
    (97, 'Tawnya Dyvoy', '2023-01-12', '702 982 7149', 'Female') ,
    (98, 'Garrick Buddock', '2023-04-08', '545 198 5177', 'Male') ,
    (99, 'Abbe Loveridge', '2023-06-26', '326 503 7310', 'Male') ,
    (100, 'Rodney Zuanelli', '2023-04-30', '602 432 0513', 'Male') ,
    (101, 'Marion Kellert', '2023-01-07', '988 640 4260', 'Male') ,
    (102, 'Alexio Munro', '2023-07-24', '959 488 6846', 'Male') ,
    (103, 'Cam Bolden', '2023-10-09', '706 590 6161', 'Female') ,
    (104, 'Shani Brunicke', '2023-06-06', '683 693 6560', 'Female') ,
    (105, 'Bronny Marshal', '2023-08-03', '609 620 1553', 'Male') ,
    (106, 'Fairleigh Dinneen', '2023-02-08', '128 526 6713', 'Male') ,
    (107, 'Alysa Machan', '2023-09-20', '976 518 9887', 'Female') ,
    (108, 'Kally Honack', '2023-07-19', '570 610 4866', 'Female') ,
    (109, 'Berton Swatten', '2023-10-04', '624 492 1834', 'Male') ,
    (110, 'Kendal Asman', '2023-01-18', '337 827 9587', 'Male') ,
    (111, 'Denney Whittlesee', '2023-10-31', '869 735 8933', 'Genderqueer') ,
    (112, 'Waverley Millward', '2023-02-25', '895 664 9559', 'Male') ,
    (113, 'Averell Benford', '2023-10-17', '596 430 1986', 'Male') ,
    (114, 'Otes Mattingley', '2023-05-21', '856 745 4960', 'Male') ,
    (115, 'Ives Brundale', '2023-11-30', '372 303 1732', 'Male') ,
    (116, 'Kath Nijssen', '2023-06-30', '417 299 1954', 'Female') ,
    (117, 'Brucie McKeating', '2023-04-08', '614 325 9517', 'Male') ,
    (118, 'Brook Voisey', '2023-09-29', '600 371 5912', 'Female') ,
    (119, 'Towney Hellikes', '2023-07-10', '747 858 7009', 'Male') ,
    (120, 'Vick Schleicher', '2023-02-02', '571 223 1249', 'Male') ,
    (121, 'Ab Pinare', '2023-05-27', '298 766 8047', 'Male') ,
    (122, 'Gilli Jennions', '2023-05-26', '483 774 4027', 'Female') ,
    (123, 'Ardene Cella', '2023-06-09', '411 961 3640', 'Female') ,
    (124, 'Heida Yockney', '2023-11-29', '172 870 4005', 'Female') ,
    (125, 'Caril Whatham', '2023-11-09', '272 914 2568', 'Female') ,
    (126, 'Troy Atkins', '2023-03-01', '230 433 4971', 'Male') ,
    (127, 'Niki MacGille', '2023-08-25', '383 187 7077', 'Male') ,
    (128, 'Archibald Castleman', '2023-10-18', '513 175 8809', 'Male') ,
    (129, 'Carter Donnelly', '2023-04-24', '948 764 6543', 'Male') ,
    (130, 'Jonah Creany', '2023-06-23', '388 242 9312', 'Male') ,
    (131, 'Kizzee Gumn', '2023-05-11', '449 568 3178', 'Female') ,
    (132, 'Florella Dumingos', '2023-06-24', '815 423 6363', 'Female') ,
    (133, 'Adlai Antonsson', '2023-11-01', '973 423 7599', 'Male') ,
    (134, 'Tedie MacKee', '2023-06-07', '815 783 6846', 'Male') ,
    (135, 'Burlie Somers', '2023-05-24', '858 506 0304', 'Male') ,
    (136, 'Collin Samweyes', '2023-08-24', '490 792 9694', 'Male') ,
    (137, 'Sasha Leban', '2023-02-11', '448 243 3287', 'Female') ,
    (138, 'Bartram Boggs', '2023-06-25', '945 692 3113', 'Male') ,
    (139, 'Aurea Landsman', '2023-11-29', '565 750 2604', 'Female') ,
    (140, 'Maximilien Thunnercliff', '2023-04-16', '451 752 1701', 'Male') ,
    (141, 'Lory Frost', '2023-10-24', '929 707 9359', 'Agender') ,
    (142, 'Zoe Corr', '2023-05-09', '649 144 1480', 'Agender') ,
    (143, 'Orin Sheward', '2023-10-01', '241 476 8391', 'Male') ,
    (144, 'Nikolas Lempke', '2023-03-21', '467 205 6340', 'Male') ,
    (145, 'Tera Chelley', '2023-04-12', '153 672 6280', 'Female') ,
    (146, 'Kliment Mandry', '2023-01-31', '576 369 3710', 'Male') ,
    (147, 'Jordain Kenny', '2023-10-16', '748 640 4708', 'Female') ,
    (148, 'Theodore Prate', '2023-10-23', '895 543 5094', 'Male') ,
    (149, 'Gerri Reichardt', '2023-04-09', '796 594 5361', 'Male') ,
    (150, 'Marj Rising', '2023-05-28', '408 197 4842', 'Female') ,
    (151, 'Bruis Kytter', '2023-10-09', '800 531 6677', 'Male') ,
    (152, 'Ilyssa Gibbings', '2023-08-02', '795 411 4305', 'Agender') ,
    (153, 'Zach Dempsey', '2023-10-02', '537 323 4639', 'Male') ,
    (154, 'Creighton Barbisch', '2023-07-24', '574 915 6484', 'Male') ,
    (155, 'Ailee Durn', '2023-09-07', '486 304 6930', 'Genderqueer') ,
    (156, 'Averyl Budgett', '2023-11-28', '240 323 8733', 'Female') ,
    (157, 'Christian Caughtry', '2023-07-08', '156 192 3611', 'Genderfluid') ,
    (158, 'Bret Fullicks', '2023-03-31', '468 517 6537', 'Polygender') ,
    (159, 'Clerc Lacknor', '2023-01-02', '878 657 5953', 'Male') ,
    (160, 'Curry Hayles', '2023-10-07', '831 466 5476', 'Male') ,
    (161, 'Kerrin Nutbeem', '2022-12-17', '879 841 9760', 'Female') ,
    (162, 'Sena Abramof', '2023-01-15', '868 544 1854', 'Genderqueer') ,
    (163, 'Greg Soeiro', '2023-07-26', '809 415 6135', 'Male') ,
    (164, 'Mona Verzey', '2023-09-01', '856 222 7884', 'Female') ,
    (165, 'Sheffy Brayshay', '2023-07-31', '363 374 0353', 'Male') ,
    (166, 'Osbert Hertwell', '2023-12-08', '203 113 2854', 'Male') ,
    (167, 'Brewster Tedstone', '2023-02-04', '642 183 3917', 'Male') ,
    (168, 'Paulo Huff', '2023-04-01', '624 505 5625', 'Male') ,
    (169, 'Marietta Shane', '2023-02-01', '186 539 9872', 'Male') ,
    (170, 'Babs Gianetti', '2023-10-02', '565 411 9245', 'Female') ,
    (171, 'Nicol Orable', '2023-11-25', '385 651 0355', 'Male') ,
    (172, 'Daryn Brayshaw', '2022-12-24', '610 926 2225', 'Bigender') ,
    (173, 'Tobiah Hazle', '2023-03-09', '759 595 9112', 'Male') ,
    (174, 'Shelley Sappell', '2022-12-28', '494 386 4453', 'Male') ,
    (175, 'Dorena Scroggs', '2023-11-03', '508 173 7975', 'Female') ,
    (176, 'Kamilah Sabater', '2023-03-22', '167 693 4479', 'Female') ,
    (177, 'Concettina Trayte', '2023-11-28', '646 672 9759', 'Female') ,
    (178, 'Mariska Gladtbach', '2023-01-05', '304 974 2805', 'Female') ,
    (179, 'Danella Arrol', '2023-07-20', '534 307 5211', 'Female') ,
    (180, 'Randi Lesslie', '2023-01-04', '839 892 1623', 'Female') ,
    (181, 'Ewen Batchelar', '2023-02-05', '183 738 8525', 'Male') ,
    (182, 'Ofelia Habbema', '2023-11-10', '164 965 8558', 'Female') ,
    (183, 'Linus Masseo', '2023-10-28', '265 925 0094', 'Male') ,
    (184, 'Zerk Elph', '2023-12-15', '474 184 8565', 'Male') ,
    (185, 'Una Gohn', '2023-06-28', '793 634 0975', 'Genderqueer') ,
    (186, 'Drew Walczynski', '2023-03-13', '662 266 7089', 'Male') ,
    (187, 'Hilton Ucchino', '2023-08-20', '927 756 5186', 'Male') ,
    (188, 'Quincy Cottey', '2023-06-13', '761 922 4383', 'Male') ,
    (189, 'Gordie Charville', '2023-11-03', '445 858 6292', 'Male') ,
    (190, 'Edeline Sharpley', '2023-01-09', '715 461 7678', 'Female') ,
    (191, 'Teodor Asche', '2023-10-11', '571 997 2008', 'Male') ,
    (192, 'Christin Whyley', '2023-04-14', '715 362 2524', 'Female') ,
    (193, 'Vonnie Narducci', '2023-03-02', '417 632 5856', 'Female') ,
    (194, 'Marietta McKinnon', '2023-04-19', '201 628 6251', 'Male') ,
    (195, 'Dawna Jahncke', '2023-11-06', '887 117 4764', 'Polygender') ,
    (196, 'Aaren Sherrum', '2023-06-24', '341 409 5285', 'Female') ,
    (197, 'Vic Gimert', '2023-02-18', '711 243 3316', 'Male') ,
    (198, 'Dacie Morsom', '2023-02-01', '702 567 4000', 'Female') ,
    (199, 'Shalom Bilbery', '2023-01-09', '843 874 7248', 'Male') ,
    (200, 'Conn Karlqvist', '2023-11-26', '298 519 8432', 'Male') ,
    (201, 'Cosetta Lebrun', '2023-06-19', '690 284 6331', 'Female') ,
    (202, 'Kimbra Paolino', '2023-08-19', '232 897 6284', 'Female') ,
    (203, 'Jeffie Bogue', '2023-07-15', '144 424 8695', 'Male') ,
    (204, 'Isaak Lambot', '2023-01-15', '919 568 2031', 'Male') ,
    (205, 'Janaye Bedin', '2023-08-20', '126 655 2256', 'Female') ,
    (206, 'Waverly Hawlgarth', '2023-03-13', '290 521 8664', 'Male') ,
    (207, 'Law Prantoni', '2023-03-25', '573 998 7719', 'Male') ,
    (208, 'Gregoire Leroux', '2023-09-03', '203 459 7535', 'Male') ,
    (209, 'Austine Siccombe', '2023-03-25', '916 507 8875', 'Female') ,
    (210, 'Neila Silverstone', '2023-02-12', '446 903 8758', 'Polygender') ,
    (211, 'Corty Androli', '2023-02-13', '252 144 2857', 'Male') ,
    (212, 'Arabella Riccio', '2023-08-25', '566 782 7577', 'Female') ,
    (213, 'Lydon Couthard', '2023-03-02', '613 100 2222', 'Male') ,
    (214, 'Dun Mileham', '2023-01-26', '496 242 0100', 'Male') ,
    (215, 'Marietta Wyburn', '2023-05-24', '382 893 3855', 'Genderfluid') ,
    (216, 'Julio Whisker', '2023-04-07', '502 422 1370', 'Male') ,
    (217, 'Anabella Gumery', '2023-04-09', '568 951 2300', 'Female') ,
    (218, 'Timmi Aldhouse', '2023-04-06', '149 881 6106', 'Female') ,
    (219, 'Shirleen Count', '2023-08-30', '971 254 3753', 'Genderfluid') ,
    (220, 'Tiffy Gout', '2023-06-13', '893 962 5933', 'Female') ,
    (221, 'Reece Mac Giolla Pheadair', '2023-10-14', '906 997 6662', 'Male') ,
    (222, 'Rachele Pearne', '2023-01-07', '444 583 3945', 'Female') ,
    (223, 'El Pentelow', '2023-01-04', '710 793 3699', 'Male') ,
    (224, 'Ugo McTerrelly', '2023-02-23', '520 363 5415', 'Male') ,
    (225, 'Monah Guppy', '2023-04-15', '816 300 6484', 'Female') ,
    (226, 'Paolina Corderoy', '2023-08-10', '753 635 6485', 'Bigender') ,
    (227, 'Sigismund Trusdale', '2023-04-14', '756 873 2608', 'Male') ,
    (228, 'Germain Stollsteimer', '2023-05-17', '694 371 2727', 'Female') ,
    (229, 'Yves Titterington', '2023-02-23', '853 198 7615', 'Male') ,
    (230, 'Glad Stannion', '2023-01-10', '576 724 9906', 'Female') ,
    (231, 'Florian Moutray Read', '2023-09-12', '859 522 7372', 'Male') ,
    (232, 'Colas Goosey', '2023-12-01', '434 364 8183', 'Male') ,
    (233, 'Guthrey Lode', '2023-05-05', '497 587 2486', 'Male') ,
    (234, 'Cordelie Beville', '2023-10-14', '840 743 4432', 'Female') ,
    (235, 'Minni Hame', '2023-07-14', '908 760 6035', 'Female') ,
    (236, 'Max Oven', '2023-10-16', '589 729 2858', 'Female') ,
    (237, 'Dov Ferbrache', '2023-09-28', '332 977 2846', 'Male') ,
    (238, 'Charo Stainton - Skinn', '2023-02-23', '461 666 8820', 'Female') ,
    (239, 'Ben Farnie', '2023-08-17', '188 796 3511', 'Male') ,
    (240, 'Katinka Szanto', '2023-10-21', '305 393 5616', 'Female') ,
    (241, 'Dena Melpuss', '2023-12-12', '103 122 7878', 'Agender') ,
    (242, 'Kiah Laflin', '2023-10-13', '312 729 8395', 'Female') ,
    (243, 'Nowell Ketts', '2023-02-18', '397 630 6082', 'Male') ,
    (244, 'Dynah Phebey', '2023-06-27', '164 835 6432', 'Female') ,
    (245, 'Valida Lantaph', '2023-06-17', '490 787 3808', 'Female') ,
    (246, 'Jannel Stormonth', '2023-08-28', '774 300 0837', 'Female') ,
    (247, 'Torry Petrovic', '2023-05-29', '167 543 3596', 'Male') ,
    (248, 'Garvy McGettrick', '2023-12-11', '335 935 0420', 'Genderfluid') ,
    (249, 'Linnet Chilcotte', '2023-10-12', '194 846 4274', 'Female') ,
    (250, 'Elga Elsip', '2023-04-27', '784 199 1784', 'Female');

insert into Lesson (Lesson_Id, Lesson_Date, Lesson_Time) values
   (1, '2023-03-21', '19:28') ,
   (2, '2023-09-22', '21:39') ,
   (3, '2023-05-16', '1:09') ,
   (4, '2023-09-09', '22:22') ,
   (5, '2023-11-17', '20:39') ,
   (6, '2023-02-11', '22:35') ,
   (7, '2023-01-18', '23:41') ,
   (8, '2023-05-08', '3:59') ,
   (9, '2023-01-22', '17:13') ,
   (10, '2023-08-15', '4:19') ,
   (11, '2023-04-30', '1:24') ,
   (12, '2023-03-07', '16:48') ,
   (13, '2023-12-02', '5:27') ,
   (14, '2022-12-20', '15:02') ,
   (15, '2023-07-16', '0:51') ,
   (16, '2023-11-28', '8:54') ,
   (17, '2022-12-22', '7:21') ,
   (18, '2023-02-26', '16:50') ,
   (19, '2023-06-03', '4:40') ,
   (20, '2023-07-03', '2:47') ,
   (21, '2023-10-18', '14:45') ,
   (22, '2023-01-03', '4:17') ,
   (23, '2022-12-20', '5:04') ,
   (24, '2023-09-09', '0:11') ,
   (25, '2023-06-24', '22:50') ,
   (26, '2023-10-17', '23:15') ,
   (27, '2023-03-23', '2:05') ,
   (28, '2022-12-25', '21:16') ,
   (29, '2023-09-17', '13:43') ,
   (30, '2023-05-23', '23:10') ,
   (31, '2023-04-06', '11:34') ,
   (32, '2023-07-09', '4:37') ,
   (33, '2023-09-28', '1:49') ,
   (34, '2023-08-18', '4:51') ,
   (35, '2023-08-23', '8:39') ,
   (36, '2023-08-26', '19:58') ,
   (37, '2023-08-09', '20:49') ,
   (38, '2023-10-21', '22:58') ,
   (39, '2023-01-22', '22:25') ,
   (40, '2023-06-30', '9:42') ,
   (41, '2023-11-17', '2:43') ,
   (42, '2023-05-24', '14:35') ,
   (43, '2023-05-03', '13:42') ,
   (44, '2023-05-31', '5:54') ,
   (45, '2023-08-11', '10:34') ,
   (46, '2023-07-29', '0:06') ,
   (47, '2023-09-24', '2:15') ,
   (48, '2023-11-24', '9:26') ,
   (49, '2023-11-09', '5:02') ,
   (50, '2023-03-27', '3:51') ,
   (51, '2023-12-07', '7:07') ,
   (52, '2023-06-21', '8:54') ,
   (53, '2023-11-02', '18:33') ,
   (54, '2022-12-21', '8:47') ,
   (55, '2023-02-09', '21:02') ,
   (56, '2022-12-22', '23:47') ,
   (57, '2022-12-20', '3:42') ,
   (58, '2023-08-23', '3:58') ,
   (59, '2023-01-28', '5:31') ,
   (60, '2023-10-27', '8:19') ,
   (61, '2023-06-08', '3:04') ,
   (62, '2023-09-17', '10:41') ,
   (63, '2023-12-06', '14:02') ,
   (64, '2023-10-24', '20:40') ,
   (65, '2023-02-18', '10:47') ,
   (66, '2023-05-07', '8:05') ,
   (67, '2023-10-05', '10:06') ,
   (68, '2023-10-04', '17:50') ,
   (69, '2023-10-08', '7:55') ,
   (70, '2023-06-25', '2:03') ,
   (71, '2023-02-28', '1:12') ,
   (72, '2023-01-12', '10:35') ,
   (73, '2023-01-30', '18:35') ,
   (74, '2023-07-08', '3:47') ,
   (75, '2023-04-06', '13:57') ,
   (76, '2023-05-23', '7:50') ,
   (77, '2023-02-14', '5:56') ,
   (78, '2023-06-17', '3:42') ,
   (79, '2023-07-03', '23:24') ,
   (80, '2023-12-07', '19:30') ,
   (81, '2023-02-05', '2:10') ,
   (82, '2023-09-13', '14:12') ,
   (83, '2023-01-06', '6:11') ,
   (84, '2023-10-28', '6:42') ,
   (85, '2023-04-14', '1:27') ,
   (86, '2023-08-26', '18:17') ,
   (87, '2023-01-15', '9:45') ,
   (88, '2023-04-12', '9:50') ,
   (89, '2023-05-24', '15:08') ,
   (90, '2023-03-27', '9:36') ,
   (91, '2023-12-08', '0:24') ,
   (92, '2023-01-10', '5:12') ,
   (93, '2023-11-13', '18:01') ,
   (94, '2023-06-10', '4:43') ,
   (95, '2023-04-24', '2:58') ,
   (96, '2022-12-26', '19:30') ,
   (97, '2023-08-15', '16:38') ,
   (98, '2023-01-29', '2:39') ,
   (99, '2023-01-08', '11:11') ,
   (100, '2023-10-11', '0:47') ,
   (101, '2023-10-13', '1:51') ,
   (102, '2023-07-22', '5:53') ,
   (103, '2023-07-20', '4:37') ,
   (104, '2023-08-12', '19:43') ,
   (105, '2023-05-15', '12:42') ,
   (106, '2023-01-07', '8:34') ,
   (107, '2023-05-21', '2:50') ,
   (108, '2023-11-01', '0:22') ,
   (109, '2023-07-27', '4:23') ,
   (110, '2023-08-06', '13:18') ,
   (111, '2023-06-10', '18:40') ,
   (112, '2023-12-14', '2:22') ,
   (113, '2023-02-13', '3:36') ,
   (114, '2023-11-21', '4:27') ,
   (115, '2023-01-18', '22:18') ,
   (116, '2023-06-28', '7:25') ,
   (117, '2023-01-22', '0:30') ,
   (118, '2023-01-08', '8:55') ,
   (119, '2023-11-03', '8:26') ,
   (120, '2023-08-29', '2:34') ,
   (121, '2023-01-22', '16:03') ,
   (122, '2023-11-27', '16:04') ,
   (123, '2022-12-25', '23:17') ,
   (124, '2023-09-23', '19:19') ,
   (125, '2023-10-28', '9:35') ,
   (126, '2023-04-09', '20:23') ,
   (127, '2023-07-26', '23:55') ,
   (128, '2023-11-11', '19:11') ,
   (129, '2023-07-07', '15:56') ,
   (130, '2023-04-04', '17:00') ,
   (131, '2023-07-03', '6:03') ,
   (132, '2023-08-20', '23:32') ,
   (133, '2023-11-16', '10:03') ,
   (134, '2023-09-07', '2:08') ,
   (135, '2023-04-28', '22:33') ,
   (136, '2023-11-26', '12:15') ,
   (137, '2022-12-30', '1:54') ,
   (138, '2023-09-24', '11:44') ,
   (139, '2023-03-23', '18:12') ,
   (140, '2023-07-07', '3:47') ,
   (141, '2023-03-28', '19:48') ,
   (142, '2023-01-29', '14:48') ,
   (143, '2023-07-20', '10:41') ,
   (144, '2023-08-07', '15:47') ,
   (145, '2023-04-18', '22:34') ,
   (146, '2023-03-26', '0:29') ,
   (147, '2023-05-15', '23:42') ,
   (148, '2023-08-08', '18:32') ,
   (149, '2023-09-18', '8:11') ,
   (150, '2023-11-03', '13:52') ,
   (151, '2023-04-27', '23:57') ,
   (152, '2023-03-02', '9:45') ,
   (153, '2023-02-12', '3:29') ,
   (154, '2023-03-11', '10:54') ,
   (155, '2023-01-29', '4:42') ,
   (156, '2023-02-05', '9:23') ,
   (157, '2023-07-10', '21:26') ,
   (158, '2023-03-06', '1:12') ,
   (159, '2023-05-08', '22:38') ,
   (160, '2023-06-16', '4:12') ,
   (161, '2023-11-05', '23:43') ,
   (162, '2023-04-29', '9:15') ,
   (163, '2023-10-30', '21:34') ,
   (164, '2023-03-10', '15:39') ,
   (165, '2023-05-02', '6:19') ,
   (166, '2023-05-14', '5:13') ,
   (167, '2023-06-13', '13:36') ,
   (168, '2023-02-07', '21:07') ,
   (169, '2023-11-29', '6:22') ,
   (170, '2023-06-01', '23:46') ,
   (171, '2023-08-05', '13:13') ,
   (172, '2023-12-01', '22:59') ,
   (173, '2022-12-16', '5:32') ,
   (174, '2023-01-13', '6:59') ,
   (175, '2023-05-22', '15:43') ,
   (176, '2023-04-25', '6:31') ,
   (177, '2023-07-05', '5:29') ,
   (178, '2023-01-02', '7:15') ,
   (179, '2023-02-22', '5:45') ,
   (180, '2023-07-28', '14:53') ,
   (181, '2023-04-04', '1:15') ,
   (182, '2023-03-14', '22:50') ,
   (183, '2023-02-08', '2:13') ,
   (184, '2023-06-23', '1:29') ,
   (185, '2022-12-31', '2:51') ,
   (186, '2023-08-18', '19:27') ,
   (187, '2023-02-16', '11:45') ,
   (188, '2023-08-06', '23:01') ,
   (189, '2023-10-29', '20:17') ,
   (190, '2022-12-17', '14:33') ,
   (191, '2023-09-02', '14:55') ,
   (192, '2023-03-24', '23:29') ,
   (193, '2023-02-18', '4:45') ,
   (194, '2023-09-23', '17:46') ,
   (195, '2023-04-05', '8:30') ,
   (196, '2023-12-10', '22:20') ,
   (197, '2023-09-22', '13:45') ,
   (198, '2023-02-25', '23:06') ,
   (199, '2023-06-07', '16:08') ,
   (200, '2023-03-29', '20:54') ,
   (201, '2023-04-25', '14:05') ,
   (202, '2023-03-19', '3:06') ,
   (203, '2023-05-20', '10:53') ,
   (204, '2023-04-21', '0:41') ,
   (205, '2023-08-19', '10:19') ,
   (206, '2023-04-25', '0:22') ,
   (207, '2023-10-31', '3:07') ,
   (208, '2023-05-21', '23:18') ,
   (209, '2023-06-02', '12:56') ,
   (210, '2023-05-31', '6:39') ,
   (211, '2023-09-08', '11:43') ,
   (212, '2023-09-28', '7:04') ,
   (213, '2023-01-19', '7:10') ,
   (214, '2023-12-01', '17:47') ,
   (215, '2023-12-10', '4:33') ,
   (216, '2023-01-28', '15:16') ,
   (217, '2023-02-01', '5:10') ,
   (218, '2023-05-31', '19:33') ,
   (219, '2023-04-30', '7:41') ,
   (220, '2023-11-23', '2:54') ,
   (221, '2023-10-30', '5:27') ,
   (222, '2023-01-17', '13:48') ,
   (223, '2023-07-25', '1:46') ,
   (224, '2023-12-12', '17:04') ,
   (225, '2022-12-26', '9:47') ,
   (226, '2023-03-02', '17:39') ,
   (227, '2023-02-04', '20:49') ,
   (228, '2023-05-23', '11:45') ,
   (229, '2023-07-10', '1:37') ,
   (230, '2023-07-02', '4:39') ,
   (231, '2023-12-01', '21:25') ,
   (232, '2023-11-27', '4:18') ,
   (233, '2023-08-07', '10:24') ,
   (234, '2022-12-22', '14:38') ,
   (235, '2023-11-10', '13:45') ,
   (236, '2023-09-11', '1:33') ,
   (237, '2023-07-02', '1:41') ,
   (238, '2023-06-24', '12:21') ,
   (239, '2023-05-25', '11:15') ,
   (240, '2023-09-13', '4:07') ,
   (241, '2022-12-20', '11:11') ,
   (242, '2023-01-17', '22:12');

INSERT INTO License (CATEGORY)
VALUES
    ('Category A'),
    ('Category B'),
    ('Category C')

INSERT INTO Practical_Class (Vehicle, Evaluation, Lesson_id)
VALUES
    ('Car', 'Driving Test', 1) ; 